audit_id,predicted_behavior,semantic_correctness,format_acceptable,notes
audit-001,,,,
audit-002,,,,
audit-003,,,,
audit-004,,,,
audit-005,,,,
audit-006,,,,
audit-007,,,,
audit-008,,,,
audit-009,,,,
audit-010,,,,
audit-011,,,,
audit-012,,,,
audit-013,,,,
audit-014,,,,
audit-015,,,,
audit-016,,,,
audit-017,,,,
audit-018,,,,
audit-019,,,,
audit-020,,,,
audit-021,,,,
audit-022,,,,
audit-023,,,,
audit-024,,,,
audit-025,,,,
audit-026,,,,
audit-027,,,,
audit-028,,,,
audit-029,,,,
audit-030,,,,
audit-031,,,,
audit-032,,,,
audit-033,,,,
audit-034,,,,
audit-035,,,,
audit-036,,,,
audit-037,,,,
audit-038,,,,
audit-039,,,,
audit-040,,,,
audit-041,,,,
audit-042,,,,
audit-043,,,,
audit-044,,,,
audit-045,,,,
audit-046,,,,
audit-047,,,,
audit-048,,,,
audit-049,,,,
audit-050,,,,
audit-051,,,,
audit-052,,,,
audit-053,,,,
audit-054,,,,
audit-055,,,,
audit-056,,,,
audit-057,,,,
audit-058,,,,
audit-059,,,,
audit-060,,,,
